"1726744293","Andres Jonathan","0998329632","ksprwhite@gmail.com","MALE","15/01/1993"
"1986537374","Chanda Quarles","0994693815","quarles0@joomla.org","MALE","1/6/2001"
"3194468197","Carlin Oventon","0943594311","oventon1@stumbleupon.com","FEMALE","10/4/1952"
"4751479512","Drusie Paulino","0999061968","paulino2@cbsnews.com","MALE","4/1/1944"
"9690082078","Felipe Johnikin","0973056892","johnikin3@miibeian.gov.cn","FEMALE","10/12/1988"
"1872687652","Amandie Sillis","0906538905","sillis4@smugmug.com","FEMALE","1/11/1955"
"9945576488","Lorie O'Neill","0937503015","oneill5@biglobe.ne.jp","MALE","2/6/1999"
"9258175468","Gustavo Tregaskis","0939675730","tregaskis6@rambler.ru","FEMALE","4/27/1995"
"1260477576","Saul Maren","0982612431","maren7@usda.gov","FEMALE","11/17/1968"
"7535047696","Cinderella Cowthart","0982634725","cowthart8@deliciousdays.com","MALE","12/15/2001"
"8345377939","Bertha Gelderd","0918537514","gelderd9@nydailynews.com","FEMALE","1/1/1977"
"9522212164","Myles Meneely","0998521389","meneelya@mapy.cz","MALE","6/4/1992"
"8480523247","Roxana Needs","0947486255","needsb@dot.gov","FEMALE","1/1/1955"
"8009807257","Zarla Lefeuvre","0930331318","lefeuvrec@mayoclinic.com","FEMALE","1/27/1987"
"8989278597","Mildrid McTerlagh","0978067677","mcterlaghd@elegantthemes.com","MALE","1/23/1965"
"8216897766","Leigh Gardiner","0971802793","gardinere@google.fr","MALE","2/13/1989"
"8511037152","Malinda Paddle","0987710066","paddlef@zdnet.com","FEMALE","8/6/1984"
"3041542382","Robbyn Dedam","0908264678","dedamg@apple.com","MALE","9/27/1950"
"8230413983","Ferne Boam","0907766305","boamh@multiply.com","MALE","5/5/1953"
"9764110851","Jerrold Cheesworth","0988543789","cheesworth0@disqus.com","MALE","10/5/1958"
"4853540156","Allene Petrushanko","0952015461","petrushanko1@macromedia.com","MALE","3/19/1985"
"9658330576","Licha Schaffler","0990238581","schaffler2@ehow.com","FEMALE","8/11/1985"
"7780311007","Otes Halbord","0948253105","halbord3@i2i.jp","MALE","3/23/1977"
"8653222758","Jeth Lovekin","0948492982","lovekin4@jugem.jp","FEMALE","5/13/1944"
"2508027413","Luelle Roark","0902167545","roark5@irs.gov","MALE","12/24/1968"
"9447300405","Clementina Kayley","0957626152","kayley6@eventbrite.com","MALE","11/18/1948"
"1688194371","Sibby Radmore","0973124669","radmore7@csmonitor.com","FEMALE","1/31/1956"
"8223191199","Carolus Martensen","0991682412","martensen8@creativecommons.org","FEMALE","3/9/1947"
"4174694885","Shannan Pilkinton","0920732981","pilkinton9@1und1.de","FEMALE","7/3/1951"
"5295170640","Laurie Tuiller","0924965335","tuillera@apache.org","FEMALE","10/13/1999"
"8426834434","Meredith Musicka","0995563678","musickab@woothemes.com","FEMALE","5/8/1993"
"5533178546","Kori Espadater","0980964757","espadaterc@youku.com","FEMALE","9/24/1973"
"4029047750","Milo Flacknoe","0927269126","flacknoed@clickbank.net","MALE","1/3/1946"
"3785448937","Mikael Cahalin","0994261375","cahaline@reverbnation.com","FEMALE","11/6/2000"
"4923192763","Al Spriggen","0951457159","spriggenf@so-net.ne.jp","FEMALE","6/29/1943"
"5843973905","Johnette Barnbrook","0908475600","barnbrookg@hhs.gov","FEMALE","8/31/1942"
"9028119779","Gratiana Waren","0911944223","warenh@reuters.com","FEMALE","12/24/1963""1726137597","Junior Stalin","0969062649","stalinjuniorbryan@gmail.com","MALE","22/07/1999"
"1726137597","Junior Stalin Jurado Pe√±a","0969062649","s_stalin999@hotmail.com","MALE","22/07/1999"
"1722066956","Michael Cobacango","0987654323","m_michaelelperro@elperro.com","UNIDENTIFIED","22/09/1998"
